,user_id,merchant_id,age_range,gender,item_id,cat_id,brand_id,action_type,label
783821,213820,2066,2,0,5,6,7,0,0
2312032,195,2286,5,0,16,8,5,1,1
1212645,318509,4143,6,0,8,6,11,0,0
1969346,323850,361,6,0,6,0,13,0,1
1986660,380935,3191,3,0,4,8,12,0,1
1917943,244850,1512,4,1,4,0,3,2,1
367922,50511,4426,5,0,16,3,16,0,0
592800,338383,1472,5,0,13,2,6,0,0
836152,200794,3734,3,0,7,6,5,0,0
2216854,68225,3323,5,1,7,5,1,1,1
649623,85744,4287,4,0,17,7,15,0,1
2086102,220075,4760,3,1,1,5,0,0,1
1067130,150491,4267,4,0,19,2,14,0,0
1404770,413967,4173,5,0,4,6,13,0,1
1516870,406187,3154,2,0,4,1,11,0,1
1917311,265547,2873,0,0,15,2,1,0,1
2259996,151139,2954,6,0,16,4,4,0,1
2219453,48226,3578,5,0,1,6,7,0,1
1831269,74800,3734,3,0,10,5,5,0,1
1417468,282645,1013,0,0,13,3,5,0,1
1867154,420005,3091,7,0,1,3,16,2,1
1757265,127177,1892,3,0,17,2,15,0,1
633125,316903,2915,4,0,4,0,6,0,0
1634353,282645,1013,0,0,15,3,5,1,1
1975663,124267,4043,3,0,16,3,17,3,1
1590547,311931,1346,4,0,5,5,19,0,1
726176,38428,3159,0,0,14,0,18,0,0
1361088,290695,1713,4,0,7,7,14,0,1
150998,39894,4850,5,0,11,5,18,0,1
1545654,423120,3092,5,0,1,0,4,0,1
928961,185999,3828,3,0,2,6,3,0,1
2170921,392376,4847,0,0,5,9,10,0,1
341141,315456,412,3,1,10,6,10,0,0
2433956,116817,467,0,1,0,1,10,0,1
1178800,304922,4044,6,0,19,1,0,0,0
890078,244345,4926,3,0,18,0,16,3,0
1215833,114479,1305,0,0,9,7,12,2,0
1595656,107810,1721,5,0,7,3,16,1,1
208159,153078,2649,0,1,3,5,13,0,0
944511,307352,1557,4,0,2,2,2,0,1
278821,26652,1892,3,0,0,1,15,2,0
913645,259718,3205,5,1,14,6,5,0,0
1586940,57221,3576,2,0,2,6,13,1,1
1514406,62541,1393,2,0,2,8,11,0,1
526812,354985,2720,5,1,7,8,2,0,0
1436408,401983,515,4,0,9,4,14,0,1
1129029,157949,1322,4,0,5,5,8,0,0
772065,187702,643,3,0,14,6,1,0,0
440941,386169,1310,3,1,10,9,18,0,0
1425294,336878,2569,0,0,2,3,0,0,1
308703,231726,1308,3,1,13,9,17,2,0
272681,271641,4394,3,2,17,8,2,2,0
2224389,350469,2744,5,0,16,0,10,2,1
785900,228925,1602,6,0,14,0,0,3,0
1260568,214856,1833,0,0,15,0,4,0,0
2176572,154469,1393,0,0,15,8,11,1,1
2148889,57162,3536,3,0,0,6,8,0,1
2004230,412384,71,4,1,9,1,6,2,1
617725,2014,1203,0,0,2,7,6,0,0
911541,123269,3085,0,0,11,4,5,2,0
406936,321381,4287,5,1,6,7,15,0,0
362397,410955,1608,6,0,0,3,0,0,0
119959,263364,682,0,1,4,4,0,2,0
1897185,201631,2436,3,0,15,1,13,2,1
95838,267702,4976,3,0,2,3,14,2,0
736632,356641,416,0,0,14,8,9,3,0
1947503,17515,4044,3,0,13,6,0,3,1
1242892,116798,4756,6,0,5,2,17,2,0
2304437,380309,3294,5,0,9,2,14,0,1
1760316,285188,3828,5,0,3,8,3,0,1
1695081,350469,2744,5,0,5,1,10,0,1
1628782,133090,1013,5,0,17,4,5,0,1
1687028,401716,4044,0,0,15,3,0,3,1
1840517,5662,1102,4,0,14,3,2,2,1
1965080,347476,2545,5,1,7,8,5,0,1
2289317,148715,2684,5,1,10,2,12,0,1
2093645,303634,3463,7,1,5,0,4,0,1
1540124,156416,2915,0,0,15,7,6,0,1
1486439,134023,3432,6,0,17,3,12,3,1
2140318,374493,474,3,0,10,7,3,0,1
1340553,2933,1370,3,2,2,8,4,0,0
542747,115123,1963,4,0,3,5,14,0,0
1972368,210527,4234,5,0,6,6,13,1,1
750668,106282,1102,0,0,10,9,2,0,1
1605478,333662,985,5,1,3,0,17,0,1
1259828,62792,120,3,1,16,2,0,2,0
754773,386860,790,2,0,16,6,0,0,0
1595929,203499,3828,6,1,12,9,3,0,1
539193,42673,4525,2,1,3,7,11,0,0
243624,29961,3734,3,1,10,5,5,0,1
644611,84205,861,2,1,4,9,12,0,0
288759,399906,4829,2,0,14,4,18,2,0
2329910,142704,4708,3,0,9,4,7,0,1
2323921,255441,2569,2,0,14,7,0,0,1
1866891,12452,1588,5,0,12,3,17,0,1
327006,249912,1272,5,0,5,0,8,2,0
1493088,57607,547,6,1,4,1,12,0,1
1440505,24286,1393,2,0,3,3,11,2,1
49424,301980,3925,4,0,2,1,5,0,0
2155351,110855,3828,4,0,16,1,3,0,1
1915438,377190,4500,0,0,10,4,0,2,1
2366595,87086,2598,2,0,8,0,19,0,1
949694,101531,3640,3,0,5,2,16,0,0
2120799,82862,1393,3,0,8,8,11,0,1
2042202,275062,121,6,0,13,3,5,0,1
174957,283875,1472,3,2,19,2,6,2,0
849630,174178,1467,5,0,14,4,1,0,0
2394851,296226,3925,3,0,3,9,5,0,1
2106046,328144,3734,3,1,0,8,5,0,1
1441236,188181,2161,3,0,15,0,4,0,1
786427,248638,2952,2,0,9,4,17,2,0
1130364,332030,900,6,0,15,4,1,2,0
71353,63144,3163,6,1,9,9,9,2,0
790779,423232,4049,3,0,14,2,12,2,0
1859145,286601,1500,4,0,2,2,17,0,1
1220040,409649,2537,0,0,12,5,14,2,0
2107108,316514,4044,0,0,3,1,0,1,1
510914,205216,4265,3,0,7,0,15,0,0
2343981,256455,3323,0,0,14,5,1,0,1
1996261,5917,3323,0,2,8,5,1,0,1
483101,199312,4171,6,0,13,7,6,3,0
764550,382258,2445,6,0,4,5,6,0,0
237719,217350,2664,3,0,10,2,19,0,0
14727,111240,2569,2,0,17,2,0,0,0
504969,50845,1102,0,0,6,1,2,0,1
731655,307999,1022,3,0,11,5,11,0,0
2458064,230919,4976,3,0,14,3,14,0,1
285451,214560,4847,3,0,5,8,10,0,0
2404943,99452,1393,2,0,6,8,11,0,1
1769590,368978,4044,0,2,0,3,0,1,1
1844821,75403,4581,3,0,13,5,8,2,1
1443646,285615,3200,3,0,4,9,9,0,1
2422996,297352,2130,0,0,15,2,8,1,1
674990,336895,1393,0,0,5,8,11,0,0
1797104,21863,2790,6,0,9,4,9,0,1
1972124,153912,1102,2,0,8,0,2,2,1
1619881,100262,1892,3,0,5,1,15,0,1
1702101,343803,4282,2,1,18,8,18,0,1
1743227,209758,4850,5,0,14,2,18,0,1
1759839,86621,1193,3,0,4,1,6,0,1
671831,89341,4949,6,0,17,9,1,0,0
1106800,249329,1131,5,0,14,4,5,0,0
1362985,340334,1102,4,0,9,0,2,1,1
615776,315613,10,4,1,3,0,5,0,0
2013754,64938,1724,3,1,13,5,3,1,1
1624079,311024,361,6,1,9,0,13,0,1
455316,119425,2138,3,0,3,4,0,3,0
985654,147119,4143,0,0,7,6,11,0,0
2184045,365832,547,3,0,12,2,12,0,1
2236837,140255,3835,3,0,11,7,13,0,1
1070312,70109,1501,2,0,8,9,6,0,0
1329097,87662,4818,3,0,2,9,18,0,0
1641484,100339,141,4,0,7,8,8,0,1
776401,343096,4282,3,1,6,6,18,0,1
1767652,253045,4282,0,0,11,1,18,0,1
2398762,353938,598,3,0,10,1,19,0,1
1416292,270370,4265,0,0,2,1,15,0,1
1399174,20204,2604,6,0,3,2,17,0,1
797582,352324,1346,5,0,11,5,19,3,0
1204606,33065,2883,6,0,0,3,10,2,1
1750489,228462,3092,4,0,15,0,4,0,1
1641751,326460,3828,0,0,18,6,3,0,1
345800,354882,4848,6,0,19,2,6,0,0
1085319,94181,2699,3,0,4,7,15,0,0
1174266,215063,1738,4,0,2,3,7,0,0
678014,302593,2915,0,2,9,0,6,2,0
2407208,160744,3828,0,0,15,1,3,0,1
2372721,291068,4044,3,0,1,5,0,0,1
156327,160728,416,5,0,10,8,9,2,0
472138,316810,2326,3,0,16,0,5,0,0
1730126,21080,2136,6,1,10,5,11,0,1
2204137,408811,4282,0,1,14,8,18,3,1
63320,418467,2397,3,0,8,6,7,3,1
128964,19401,3159,3,0,11,0,18,0,0
1880322,400107,191,0,0,12,1,4,1,1
1050215,192722,2173,6,1,9,0,11,0,0
526030,265129,3207,3,0,19,6,12,0,0
503272,180892,2066,5,0,13,6,7,0,0
1770555,277628,3349,6,0,16,1,7,0,1
2315373,349820,4044,3,1,5,6,0,0,1
662361,191992,2994,3,1,5,7,10,2,0
508657,326047,649,6,0,19,7,14,0,0
2238027,228402,3828,6,0,7,2,3,0,1
2131996,157339,3753,5,1,2,2,1,0,1
1419916,35819,3828,5,0,3,1,3,0,1
1167555,207635,4044,3,0,17,1,0,3,0
693135,96265,598,0,1,0,1,16,2,0
1901560,290293,4282,3,1,11,0,18,0,1
1489380,149734,4647,0,0,8,3,0,1,1
425442,40560,3473,3,0,9,3,7,0,0
2167968,33242,8,6,0,5,7,8,0,1
983191,127406,4847,3,0,4,3,10,0,0
107043,29628,1393,5,0,17,4,11,0,0
1865490,258923,1102,3,1,14,8,2,0,1
1689067,38491,2481,2,0,1,6,17,0,1
924358,394124,1305,0,1,11,1,12,0,1
349561,227652,2700,0,1,6,7,13,0,1
1314617,105575,1393,6,0,5,1,11,0,0
1773694,47267,2834,3,0,9,4,1,0,1
1688764,67458,3519,0,0,11,5,11,0,1
75411,346794,2031,4,0,12,5,6,3,0
857744,288358,2629,3,0,4,1,19,2,0
2291718,405485,3828,4,0,2,2,3,1,1
1283306,67157,4465,4,0,2,0,0,0,0
1438186,134745,2639,5,1,13,4,16,0,1
1241653,137021,3609,5,0,16,0,16,0,0
1337889,20339,46,2,1,11,7,3,2,0
2175660,55784,246,4,0,6,1,11,0,1
94504,230070,323,0,0,2,8,0,0,0
2121869,265379,1892,4,0,5,7,15,1,1
1723750,65214,416,3,0,10,8,9,0,1
416727,362859,879,4,0,13,3,4,0,0
206877,302838,4818,5,0,1,9,18,0,0
2124943,60911,567,3,0,17,8,12,0,1
1347961,11897,2273,4,0,5,8,5,0,0
620454,40672,3472,4,0,6,5,1,2,0
1113221,352244,4336,3,0,6,6,16,0,0
2395007,272333,3432,6,0,17,2,12,0,1
1305950,306530,1923,3,0,0,8,10,3,0
793950,345154,1102,2,0,12,7,2,0,0
1533341,275146,1102,5,0,8,0,2,0,1
2171970,284356,1131,3,1,4,5,5,1,1
1737330,26633,790,0,0,6,1,0,0,1
443208,203898,4648,3,0,16,8,18,3,1
1893116,392676,1597,2,0,4,5,17,0,1
588503,126925,3828,5,0,14,9,3,0,1
1903725,75800,1559,5,1,13,8,18,0,1
2053176,38318,4847,3,0,0,6,10,0,1
1205746,9257,4949,7,0,4,9,19,2,0
2300681,401506,1393,4,0,5,9,11,0,1
1912057,208635,3880,2,0,8,3,2,2,1
2196385,174478,3828,0,0,17,8,3,1,1
734977,361249,3406,0,0,15,8,2,0,0
329769,151353,2994,5,1,15,7,2,0,0
292375,76836,1810,2,0,8,8,16,0,0
1479354,93606,1393,0,0,16,3,11,0,1
602026,55765,121,0,0,7,5,5,2,0
1854619,186098,2639,5,0,12,6,16,0,1
470774,130441,474,6,1,13,5,7,2,0
1863133,304265,2721,2,0,18,6,9,0,1
2168520,157149,3016,3,1,6,5,9,0,1
1800347,227340,4818,5,0,9,8,18,0,1
1349015,256634,4693,3,0,17,7,11,3,0
475384,30859,2709,3,0,10,0,10,3,0
2305225,399789,4847,4,0,3,8,9,0,1
550768,361144,2565,4,0,15,0,19,0,0
1903392,249300,2928,3,0,12,5,10,0,1
445790,232572,3990,4,0,0,3,13,0,0
520663,269734,4267,4,0,12,2,14,0,0
1095158,376811,946,3,0,0,6,8,0,0
665961,391930,4271,0,0,0,7,6,0,0
540747,109234,215,2,0,18,6,9,2,0
706064,184081,4693,3,0,11,7,18,0,0
1083318,16868,3828,0,2,10,7,3,2,0
1589454,12913,268,6,1,6,5,13,0,1
2378076,112837,2138,6,0,18,2,0,0,1
1231364,414263,4659,2,0,1,0,18,3,0
475667,105100,2928,5,1,12,5,10,0,0
759667,176431,4765,3,0,0,5,6,3,0
1959177,54179,598,3,1,2,2,16,1,1
2218795,319358,191,2,0,7,2,4,0,1
1569070,283272,1944,5,0,11,6,11,0,1
623846,96481,3828,3,0,12,6,3,0,0
537991,324016,4847,2,0,0,3,10,0,0
491874,207253,2397,0,0,15,7,7,0,0
748133,138280,773,4,0,11,1,14,0,0
2257269,72060,1892,4,1,5,8,15,1,1
1625731,63371,641,6,0,18,2,10,0,1
949178,84890,2602,7,0,15,8,4,0,0
1431632,363019,1835,6,0,6,1,3,0,1
1195415,79907,643,4,0,12,9,1,0,0
1800301,327673,2700,5,0,9,8,13,3,1
1565421,155405,1393,3,0,5,8,11,1,1
697688,136972,3148,5,1,9,9,12,0,0
1059564,325847,2273,0,0,17,8,5,0,0
254257,268047,1581,3,0,11,2,10,2,0
909632,52100,4605,5,0,16,5,18,2,0
1970525,241222,4129,3,0,12,0,13,0,1
955917,87710,742,6,1,15,2,2,2,0
607751,347608,574,6,1,10,8,15,0,0
1502203,272099,3990,6,0,1,7,13,0,1
904616,48257,1618,6,0,17,9,19,0,0
1711681,195696,2072,0,1,12,9,1,0,1
1274818,273488,219,3,0,10,0,4,0,0
901199,192127,2644,3,1,18,2,7,0,0
1356339,28286,1203,0,1,8,5,6,2,1
2392822,288671,3016,0,0,8,5,9,0,1
516026,345763,4040,4,0,5,8,19,0,0
723692,209434,3925,0,0,17,4,5,0,1
2403923,419354,3636,1,0,17,6,12,0,1
109060,96957,4797,5,1,5,0,19,0,0
963218,240035,3635,3,1,4,1,19,0,0
2187581,55831,3828,4,0,5,8,3,0,1
1177881,329753,742,2,0,7,6,2,0,0
1946367,103794,1102,0,0,16,1,2,0,1
314537,301617,2669,5,0,11,2,9,0,0
1072215,334046,1472,3,0,6,2,6,0,0
2046586,330490,4267,5,0,10,4,14,0,1
414755,101994,2664,0,0,2,7,19,0,0
2121686,28136,437,6,0,10,2,18,0,1
714819,357397,4614,3,0,2,8,1,0,0
2186006,340128,962,4,0,17,5,4,0,1
1973082,250207,4847,0,0,13,1,10,0,1
1773482,270884,467,0,0,19,8,11,0,1
580320,413896,1056,0,0,13,7,3,0,0
1274715,71504,3734,4,0,13,9,5,2,0
1127515,171005,416,0,1,9,9,9,0,0
40677,34455,630,5,0,15,1,4,0,0
1782340,71452,2639,0,0,6,5,16,0,1
1840545,354602,4261,5,2,6,1,11,2,1
836513,279898,4039,3,0,11,3,9,2,0
2401256,221988,1841,3,0,12,3,12,2,1
379803,342357,4044,3,0,8,1,0,0,0
881951,214132,1754,3,0,8,1,18,0,1
1046035,234704,1131,7,0,12,6,5,0,1
1771480,340296,1393,3,0,15,8,11,0,1
827072,110677,742,6,1,1,2,2,0,0
1869925,311525,1835,3,0,5,3,3,0,1
590602,65998,598,6,0,17,2,19,3,0
2354546,48796,3765,3,0,10,1,0,0,1
910691,284804,459,6,0,15,4,6,0,0
273711,171546,2217,0,0,16,3,7,2,1
882863,312181,1210,3,1,8,5,15,2,1
1252486,28739,4374,2,0,17,9,9,0,0
1971119,309862,1540,4,0,4,0,10,0,1
2283408,83622,1272,4,0,7,1,8,0,1
2373339,42189,1102,2,0,1,1,2,1,1
737614,330274,1487,6,0,15,3,15,0,1
132200,336843,1393,3,0,15,8,11,0,1
888189,117112,968,0,0,12,8,13,0,1
511497,157600,3828,3,0,14,8,3,3,0
1035262,173258,4282,5,1,18,5,18,0,1
208612,234231,2066,2,0,12,6,7,0,0
1371970,382321,1420,4,0,11,6,13,2,1
205185,40437,1594,6,0,0,0,10,0,0
1976605,269995,1816,3,0,10,4,5,0,1
1600716,256513,862,0,1,1,2,19,0,1
1573583,98187,1102,3,0,18,4,2,1,1
472427,131722,3828,3,1,5,8,3,0,0
1425575,403079,4847,3,0,7,1,10,0,1
793805,402754,2664,6,0,19,6,19,0,0
1501253,90063,4847,3,0,14,6,4,2,1
1853527,360896,4265,2,0,2,1,15,0,1
213763,282105,1239,3,0,2,4,19,0,1
1273479,358991,1168,4,1,4,1,12,0,0
836530,411226,1393,6,0,12,3,11,3,1
148959,100053,141,3,0,6,9,8,2,0
2312813,290929,1340,3,0,13,5,4,0,1
1312838,168806,4186,3,1,19,6,14,0,0
327730,335928,4258,6,0,14,6,11,2,0
1661418,184096,1102,5,0,5,2,2,0,1
283656,343839,1472,4,0,13,2,6,0,0
1013996,347582,1487,5,0,2,6,15,0,0
1538311,306867,2664,3,0,15,2,19,0,1
2085708,199469,3148,6,0,8,6,12,0,1
1344833,290423,1440,0,1,8,8,1,2,0
236933,123654,1784,4,0,16,1,18,0,0
728724,394525,586,3,0,2,4,13,0,0
1295239,95579,1810,4,0,7,6,16,0,0
1659666,389526,3148,0,1,7,2,18,0,1
2281313,312108,2173,2,0,11,0,11,0,1
1047731,226256,2569,5,0,3,2,0,0,0
743534,278053,26,5,1,18,6,9,0,0
275643,46107,2403,5,2,5,2,19,0,0
2059826,95861,416,0,0,6,5,9,0,1
781040,320059,3828,4,1,6,9,3,0,0
2048705,248356,4771,2,0,17,4,16,0,1
360809,349002,2138,3,0,5,0,0,2,0
1476241,240170,4287,3,1,7,8,15,0,1
1634726,361048,2700,6,1,8,5,13,0,1
857077,197734,2047,3,1,14,2,4,2,1
505345,198301,1056,0,0,12,1,2,0,0
188863,307692,2664,6,0,3,7,19,0,0
1962429,281409,361,6,0,3,0,13,1,1
1310403,206180,3828,0,0,17,9,3,0,0
2342437,228060,121,5,0,2,3,4,2,1
237026,324102,1393,3,1,19,9,11,0,0
870855,194926,508,3,0,12,0,0,0,0
834621,338521,3826,3,0,10,5,5,0,0
523277,296104,4966,4,0,17,5,8,0,0
1740365,200665,1583,3,0,6,2,18,0,1
2265992,242844,1677,0,0,12,5,13,0,1
1481143,135731,4049,3,0,9,9,12,0,1
994778,202676,1619,0,1,15,4,10,2,0
1600856,178230,4760,0,0,8,2,0,0,1
1766118,65750,4282,3,2,13,5,18,0,1
724723,379675,2217,2,0,2,8,7,0,0
96642,229815,1102,3,0,10,6,2,3,0
1938119,226727,4917,0,2,16,4,12,1,1
1782929,24792,4659,5,0,3,0,18,0,1
802962,224839,323,4,0,17,8,0,2,0
351561,107334,2537,0,0,19,0,14,0,0
115548,98241,2698,4,1,11,0,8,0,0
903656,149888,1736,6,1,12,9,10,0,0
2349833,285932,3828,6,0,16,9,3,1,1
1607242,319476,1810,4,2,18,9,16,1,1
17513,352905,3828,2,2,5,9,3,2,0
176124,393444,2664,0,1,2,5,19,2,0
2403647,214555,4768,2,0,8,6,17,0,1
1752099,253306,4234,4,0,13,1,13,0,1
1052306,385235,2473,3,0,8,6,19,0,0
1667334,291024,121,6,0,2,2,5,0,1
793157,117826,66,3,0,14,2,6,0,0
482030,156559,4558,6,1,0,7,13,0,0
1789451,175455,114,3,0,8,1,10,0,1
1192940,371234,1131,3,1,4,6,5,0,0
90638,75699,437,4,1,14,0,0,0,0
1433779,87747,4173,4,0,17,5,13,2,1
414322,415593,437,0,0,6,3,18,0,0
390366,214107,3828,0,0,18,9,3,0,1
1155147,101645,2318,3,0,0,0,17,0,0
803696,318280,141,2,0,14,9,8,0,1
2040589,254094,1102,3,0,7,1,2,1,1
262599,170004,1659,0,0,13,6,18,0,0
1475925,173798,474,3,0,13,7,4,0,1
1196050,102692,4933,3,0,5,0,6,0,0
584448,297931,4067,0,0,11,1,4,0,0
330636,316218,586,0,0,8,1,13,3,0
2460054,165889,1102,7,0,3,8,2,0,1
871236,76654,3644,0,0,7,3,16,2,0
865917,10603,4044,0,0,17,3,0,0,0
1475159,376694,4287,3,0,13,1,15,0,1
722850,108826,535,3,0,8,7,6,0,0
2129477,31056,2475,4,0,16,3,17,0,1
1703076,35819,3828,5,0,4,3,3,0,1
1316571,107624,2639,4,0,16,4,16,0,0
825619,59476,4073,2,0,2,1,11,0,0
721923,267289,2448,3,0,15,5,1,0,0
1943711,127283,2444,3,0,7,1,7,2,1
2439578,14647,1183,0,0,6,8,15,0,1
120382,148164,2066,3,1,0,6,7,0,1
2402834,342474,4502,4,0,13,8,17,1,1
1486,24960,1056,5,1,7,1,3,0,0
971280,346535,3578,6,1,19,7,7,0,0
120975,233157,3828,2,0,9,9,3,0,0
721798,198169,2928,4,0,9,5,10,2,0
1648515,291926,1102,5,1,6,5,2,0,1
2237561,136182,630,5,0,3,4,4,0,1
2322392,16131,402,6,0,5,0,5,1,1
1856805,216260,2138,3,0,11,0,0,0,1
2392090,285932,3828,6,0,8,9,3,0,1
1127397,232445,3239,5,0,5,7,18,2,0
1057573,190166,2700,0,1,2,7,13,0,0
2120932,238087,1393,0,0,6,3,11,0,1
106943,158652,1102,0,0,16,7,2,0,0
1971131,351913,3828,3,0,11,8,3,0,1
560985,286909,4949,6,0,14,8,1,0,0
1005960,69818,4049,3,0,11,2,12,0,0
654635,347635,4280,3,0,2,4,17,0,0
1481926,420668,1393,0,0,7,3,11,0,1
377741,5460,1485,4,0,6,2,17,0,0
1346534,153464,10,0,1,4,0,5,0,0
1361469,13834,4282,3,1,5,5,18,0,1
1899986,408318,2664,6,0,0,4,19,0,1
1215482,101423,1102,3,0,18,0,2,0,0
2387651,104686,1031,5,0,16,5,18,0,1
365550,215373,4044,2,0,1,1,0,0,0
2183267,74921,1443,2,1,12,3,4,0,1
1924586,307652,1945,4,0,3,7,6,0,1
1685743,201879,643,3,1,9,6,1,0,1
591640,237775,1131,5,0,0,4,5,0,1
149113,40149,590,3,0,7,8,14,0,0
1480288,274509,4044,2,0,0,2,0,0,1
1427470,405485,3828,4,0,12,2,3,0,1
2393633,52071,3828,3,1,6,6,3,0,1
1877352,37792,2187,0,0,12,3,1,0,1
1278576,222290,1102,5,0,14,7,2,0,0
235812,417285,2640,3,0,5,4,4,0,0
42927,44184,20,4,1,7,7,7,0,0
728050,363805,4976,3,0,0,9,14,0,0
2210054,117687,3986,0,0,3,6,3,1,1
211121,387576,1195,3,0,6,2,14,2,0
1249901,185666,594,4,0,1,0,15,0,0
2029067,40408,1963,3,1,17,5,14,0,1
333312,20283,2652,6,0,18,4,17,2,0
933519,219281,4864,4,0,14,7,2,0,0
253304,39183,3925,4,0,8,9,5,0,0
2416304,153051,4818,3,1,13,5,18,0,1
1654202,343803,4282,2,1,6,7,18,0,1
1839157,226173,4847,3,0,12,9,10,0,1
1523165,274537,2482,0,0,1,0,18,2,1
2116469,259017,4847,4,1,13,3,10,0,1
823571,121171,4847,3,0,17,9,10,0,0
1927002,308877,606,4,0,11,6,0,2,1
1626637,56282,4847,4,0,2,3,10,0,1
1550339,325902,3906,0,0,1,3,15,0,1
1603871,262873,4444,3,1,6,7,1,0,1
747273,95527,1340,0,0,18,3,4,2,0
1707781,281982,1393,0,0,2,2,11,0,1
2240890,94977,2038,2,0,8,0,14,2,1
1373953,345341,1963,3,0,15,6,14,0,1
354818,21063,1861,6,0,18,8,10,2,0
1199164,84005,4325,2,0,5,0,19,0,0
344259,103746,4170,0,0,0,8,9,0,0
2285603,237172,1272,0,0,8,1,8,0,1
506536,50590,1724,6,0,7,6,3,0,0
752737,260395,1102,3,0,17,1,2,2,0
152590,151254,4173,3,0,18,6,13,0,0
2168159,214132,1754,3,0,6,9,18,0,1
297059,64551,1150,5,0,11,1,2,0,0
2139950,226254,3936,0,1,0,7,13,2,1
843284,209758,4850,5,0,14,2,18,0,1
540898,378034,2790,4,1,9,5,9,3,0
2121210,385866,4044,2,0,12,5,0,0,1
2381676,58878,1203,5,0,5,4,6,2,1
57827,196512,3586,4,0,12,1,11,0,1
1402849,387031,4043,3,0,5,0,17,0,1
1422409,255964,4465,3,0,8,0,2,1,1
2113452,314582,3853,6,0,12,1,16,0,1
461729,339844,2102,3,0,6,4,10,0,0
1365917,292895,3734,4,2,2,7,5,0,1
3172,13185,4173,3,0,19,3,13,0,1
744085,163621,1679,5,0,13,4,18,2,0
1854900,379077,1999,4,1,4,5,15,2,1
834086,56665,412,5,0,13,2,10,0,0
931918,92048,4044,0,0,7,6,0,0,0
558588,135100,4173,3,0,15,3,13,0,0
1367291,395982,4173,3,0,1,3,13,0,1
1948599,227431,4265,0,0,5,6,15,0,1
1842942,134901,4044,6,0,15,4,0,0,1
664173,193273,4976,0,0,9,3,14,0,0
571237,203203,2459,0,0,8,5,13,0,0
999563,35255,1102,2,0,7,3,2,0,0
115286,220353,3971,3,1,11,9,5,2,0
1253313,393284,2664,4,0,12,7,19,2,0
131841,323019,4718,5,0,1,5,17,0,0
655251,305908,35,3,0,16,8,19,0,0
2409183,390917,323,4,1,6,8,0,1,1
268353,363543,3828,4,0,6,1,3,0,0
1952475,78002,412,4,0,14,4,10,0,1
1075497,181472,4659,3,0,16,0,18,0,0
2172487,10902,1892,3,1,8,1,15,0,1
1574823,64566,3258,8,0,11,2,6,0,1
1159384,311567,2217,0,0,4,8,7,3,0
1026319,54725,3828,6,0,8,1,3,0,0
750748,305962,4394,0,0,3,8,2,0,0
1735223,357842,1738,6,0,12,1,7,0,1
747219,421159,2403,2,0,13,2,19,0,0
57058,241056,798,2,0,13,9,0,0,0
77247,155307,2891,0,1,19,9,15,0,0
158833,322266,3986,0,1,10,1,8,0,0
555589,156346,4173,3,0,4,6,13,0,0
1519368,298776,412,0,0,7,1,10,0,1
233363,204036,66,3,1,13,5,6,0,0
1914033,287195,1892,3,0,9,3,15,0,1
1274324,63056,4793,4,0,10,5,9,0,0
1139175,16643,2954,6,0,16,0,4,0,0
1408558,27424,3463,5,0,11,5,4,0,1
952774,413084,2031,3,1,19,0,6,0,0
172905,330978,2594,4,0,0,9,15,0,0
1388258,198220,4234,4,0,15,1,13,0,1
1018805,311489,742,0,0,3,6,2,0,0
2392439,190100,537,2,1,11,7,10,1,1
254701,412431,4044,3,0,13,1,0,0,0
412964,169065,3734,0,1,3,7,5,0,0
1468794,336481,2791,4,1,3,5,10,0,1
125701,158919,4129,2,0,2,4,13,0,0
2322141,251781,4976,5,0,1,2,14,0,1
2434263,376906,2459,2,0,13,4,12,0,1
1945322,300022,946,4,0,2,1,8,0,1
2020260,242432,3370,5,0,0,3,13,1,1
1901671,154306,3828,2,0,9,9,3,1,1
2019173,72395,4775,2,0,7,3,9,0,1
1523111,202519,1029,2,0,9,0,1,1,1
218367,246780,4425,0,0,9,8,6,2,0
115908,43458,643,3,0,3,4,1,0,0
895873,125308,905,3,0,12,3,1,2,0
1091435,249065,1536,3,0,10,1,9,0,0
968592,240038,3284,2,0,9,9,18,2,0
1680643,408061,931,3,0,8,1,10,0,1
975413,111530,2639,4,0,17,0,16,2,0
219325,90108,121,6,0,18,0,5,0,0
909019,228995,13,3,1,18,8,15,2,0
31536,297618,141,0,0,19,8,8,0,0
1978120,243677,4282,4,0,10,1,18,0,1
198843,257265,1760,3,0,9,2,5,0,0
1098272,209900,2664,4,1,2,2,19,0,0
6758,276867,2928,0,0,15,5,10,0,0
805551,60745,2318,3,1,1,2,17,2,0
731796,119071,1472,3,1,2,2,6,0,0
1273223,220751,1102,3,0,4,6,2,0,0
1160875,34064,3545,0,0,0,5,14,0,0
1619559,346079,4847,2,0,3,1,10,0,1
2242371,301431,2668,2,0,11,0,11,0,1
2149233,129340,4444,5,1,17,0,1,1,1
589185,18637,2970,3,0,4,6,4,0,0
430370,351858,66,3,0,4,5,6,0,0
512066,380065,3205,4,1,17,6,5,3,0
2390578,381371,302,4,0,10,6,18,2,1
988695,188849,3432,3,1,7,8,12,0,0
1589203,351913,3828,3,0,11,8,3,0,1
1038764,298700,1346,3,0,10,5,19,0,0
43496,134040,1056,3,0,0,9,3,0,0
1292419,247898,1412,0,0,12,3,13,0,0
1137674,158978,2935,0,0,2,6,16,2,0
25305,64398,4282,0,0,19,5,18,3,0
2131459,22907,4044,2,0,17,1,0,0,1
2171741,151352,1346,0,1,4,5,19,0,1
25336,67470,2031,4,0,12,5,6,0,0
500531,282778,187,0,0,12,0,1,0,0
627859,61156,742,4,0,14,9,2,2,0
1824530,244004,2318,7,1,3,0,17,1,1
1527696,165889,1102,7,0,7,3,2,3,1
1236599,83258,4265,5,1,15,1,15,0,0
1366475,244877,4044,6,0,11,1,0,1,1
303324,291114,2278,0,0,12,0,15,0,0
768767,71476,2403,4,0,10,2,6,2,0
960683,277409,2173,6,1,6,0,11,2,0
891187,156025,3484,3,1,1,4,18,0,0
2247986,33023,361,6,0,10,4,13,0,1
2083336,128578,1221,3,0,9,6,18,0,1
2064862,23639,547,3,1,4,6,12,0,1
1866516,103714,4173,5,0,4,8,13,0,1
1576290,16930,946,4,0,4,1,8,1,1
1508446,317575,2883,3,1,5,3,10,0,1
2177578,139220,1892,0,2,13,1,15,0,1
876100,127345,4480,0,0,3,0,4,0,0
614253,388060,4042,4,1,0,1,0,2,0
1856011,93973,71,4,0,12,0,6,0,1
2354858,250311,3828,5,0,5,8,3,0,1
2140962,221807,2102,6,0,17,2,10,0,1
533085,267181,1100,5,1,16,7,7,0,0
982085,92333,954,6,1,2,0,18,2,0
869723,153709,4173,3,0,15,9,13,0,0
1376275,71129,3734,4,1,9,5,5,0,1
1170263,43541,606,3,0,2,9,0,0,1
2326007,294971,1679,3,0,9,2,18,0,1
2133970,382240,1103,5,0,8,4,2,2,1
1468352,58158,3374,0,0,17,8,14,0,1
2202304,60970,3850,5,1,15,6,17,0,1
1042262,365006,2397,4,0,19,1,7,3,0
1447191,293008,2133,2,0,16,5,9,0,1
457335,188290,4926,4,0,3,9,13,0,0
402272,9570,4808,0,0,18,6,13,3,0
1436655,27362,1272,6,0,9,8,8,0,1
1679048,269089,4871,2,1,12,1,2,0,1
504351,155548,3689,3,0,12,5,1,0,0
1922771,50286,3563,3,0,17,1,6,0,1
611945,169435,547,5,0,5,6,12,0,0
1856173,134898,2928,6,1,15,5,10,0,1
2075847,362257,2481,1,1,13,5,18,0,1
744472,121894,2545,2,1,17,0,5,0,0
1868795,196458,3828,6,0,18,7,3,3,1
867837,12652,3828,5,0,0,8,3,0,0
715550,379414,1833,4,0,17,8,4,0,0
1405889,275790,1346,4,2,0,5,19,1,1
906685,334466,503,4,0,10,4,10,0,0
1706648,141731,4044,0,1,2,1,0,2,1
2232061,397951,4818,6,0,1,0,18,0,1
1184086,370205,557,3,0,14,1,2,0,0
1467573,37210,2639,4,0,15,3,16,0,1
261615,138771,3828,5,0,11,1,3,0,0
285833,95520,1708,3,0,0,6,7,2,0
399309,233313,2654,2,0,8,3,1,2,0
1034947,420041,1762,3,2,18,5,2,2,0
278087,262428,3160,7,1,0,8,9,2,0
1042751,253646,4173,3,0,10,6,13,0,0
1173153,298007,4919,0,0,7,2,14,0,0
1424168,376844,2928,4,0,5,4,10,0,1
1428255,73487,2422,2,1,4,8,8,0,1
354071,192327,4710,3,0,0,4,18,3,1
509177,79519,2669,3,0,16,4,9,0,0
2179118,46631,2138,2,0,6,7,0,2,1
642368,201964,2149,7,0,19,6,9,0,0
236251,235782,1501,4,0,8,1,6,0,0
351227,287301,2066,4,0,5,6,7,0,0
1095998,12011,1357,3,0,12,5,10,0,0
554577,316090,2397,0,0,8,6,7,3,1
1159827,396047,803,7,0,16,9,7,0,0
893649,178555,4585,5,1,11,5,19,0,1
2013658,132113,4976,3,0,3,1,14,1,1
1331760,128624,2872,4,0,14,9,9,2,0
2375551,123152,3828,3,0,19,8,3,0,1
950998,145307,1647,3,0,11,8,13,2,0
104987,348603,2138,3,1,10,0,0,2,0
1769930,188293,2134,3,0,12,4,3,0,1
1126470,6908,682,0,1,6,0,0,0,1
785504,217405,1423,0,1,0,7,1,0,0
1924860,378329,1500,6,0,11,5,15,2,1
1319016,399977,4985,0,0,13,1,8,0,0
1062409,111833,145,3,1,16,3,8,2,0
239827,419079,4039,2,0,11,3,9,0,0
1319682,28265,2303,3,0,9,3,16,0,0
1859229,74601,2138,4,0,1,4,0,0,1
952750,215708,4267,5,0,16,0,14,0,0
1809267,362013,4129,7,0,8,3,13,0,1
2051160,44564,2594,4,1,17,1,15,0,1
1531374,365441,1393,3,1,8,1,11,0,1
1330174,261743,141,2,0,7,9,8,0,0
525246,101545,935,6,0,14,8,18,0,1
1634304,209678,2093,4,0,11,5,5,2,1
201797,35571,2505,3,1,15,6,2,0,0
1209485,406571,2273,2,0,5,8,5,0,0
1659764,204201,1102,3,0,7,6,2,0,1
1103880,11759,361,4,1,11,5,13,0,0
646902,44527,3835,3,2,7,1,14,0,0
2358502,410193,3578,4,1,9,3,7,0,1
1847391,15222,1816,7,0,15,0,5,1,1
951189,283547,4265,3,0,19,9,15,0,0
632748,236263,1472,4,0,19,2,6,0,0
211220,63480,1168,3,0,2,0,12,2,0
432473,366708,1832,0,0,8,2,14,0,0
2429065,294546,3263,3,0,15,4,1,0,1
515347,255907,4413,4,0,5,6,13,0,0
413576,391017,1679,4,0,12,1,18,0,0
649781,223216,2883,4,0,9,3,10,0,0
864111,12394,3609,0,1,15,0,16,0,0
1703055,47158,1102,0,1,7,6,2,0,1
191105,250605,10,4,0,11,5,6,2,0
2176658,154622,1102,4,0,16,8,2,0,1
1923206,220200,4044,0,0,2,4,0,1,1
1854860,252251,4044,3,0,5,1,0,3,1
105259,291003,1875,4,2,3,5,6,0,1
853288,376420,2124,0,0,18,4,18,0,0
1834241,202441,2721,4,0,12,6,9,0,1
8963,34437,4173,3,0,3,6,13,3,0
1584579,392376,4847,0,0,8,1,10,0,1
1132712,414719,1760,2,0,16,7,3,2,0
377777,333396,1346,4,2,5,5,19,0,0
1635753,393785,1102,3,0,12,5,2,0,1
2127678,196458,3828,6,0,17,8,3,3,1
629373,179173,4282,0,1,15,5,18,0,1
2299009,349402,2537,2,0,5,4,14,0,1
442590,249210,2436,4,0,2,1,13,2,0
1713666,46782,2828,0,1,1,1,1,0,1
1393792,129269,4044,3,0,12,3,0,0,1
2031234,423472,963,3,0,18,2,3,0,1
2434746,381946,2047,4,0,7,6,4,1,1
839624,333916,2031,6,1,4,5,6,2,0
457336,188290,4926,4,0,16,0,13,0,0
748820,99625,4554,3,1,6,9,0,0,0
2224068,268559,2448,3,0,1,5,1,0,1
1183801,226844,1470,2,0,1,6,9,0,0
625213,282850,3323,6,1,5,5,1,0,1
1065341,279002,1724,3,0,13,6,3,0,0
865358,125803,4044,3,0,16,3,0,0,0
1355845,71294,684,5,0,7,5,6,0,0
2074732,127918,4982,3,0,1,8,14,1,1
1615176,302231,4143,6,0,9,6,11,0,1
2371976,374042,4044,2,0,1,1,0,0,1
1908863,172496,4850,6,0,11,7,18,0,1
2271547,291696,3828,3,0,4,7,3,1,1
1233350,94520,4690,0,1,11,5,7,0,0
2459709,159497,4282,2,1,0,0,18,0,1
1657615,390974,682,3,0,6,3,0,1,1
1492277,103714,4173,5,0,10,4,13,1,1
697359,188428,1131,3,0,0,4,5,0,0
103998,245691,2424,4,0,11,6,6,0,0
670027,274684,2429,2,0,0,8,5,2,1
1220867,253490,3727,2,0,18,4,16,0,0
303206,418602,3055,3,0,4,5,7,2,0
1241335,190781,1102,3,0,0,6,2,0,0
1194904,318755,1102,2,0,7,3,2,0,0
415177,316266,4282,2,1,13,5,18,0,1
1483821,31360,606,3,0,18,9,0,0,1
804637,154696,3955,3,0,10,3,3,2,0
26872,123279,3609,4,2,12,0,16,2,0
767990,303412,3794,2,0,8,5,7,2,0
42681,101784,2008,0,0,7,8,9,0,0
147159,418515,1892,3,1,6,5,15,0,0
2070454,369614,4173,3,0,7,9,13,0,1
1547537,218147,4847,2,0,14,1,10,3,1
1046909,330704,4818,3,1,12,5,18,2,0
666574,149242,1890,4,0,2,3,13,0,0
171301,67041,361,3,0,2,0,13,3,0
1119824,408056,3828,5,0,9,8,3,0,0
740334,292387,1487,0,1,1,6,15,0,0
1034294,397769,2108,0,1,7,9,4,3,0
673355,417790,3609,4,0,14,0,16,0,0
393870,26973,66,3,0,12,5,6,2,0
1055839,128213,4976,3,0,5,1,14,0,0
520961,212134,2447,4,1,10,0,9,0,0
317239,78642,1102,2,0,7,6,2,0,0
1055712,188885,1102,5,0,8,8,2,0,0
282387,29982,786,3,0,18,4,12,0,1
1441020,209301,3828,6,1,9,7,3,0,1
876862,82801,4536,2,0,14,5,10,3,0
1128049,323837,4966,0,0,12,2,8,0,1
987876,225968,145,2,0,2,3,8,0,1
927221,379022,606,4,1,16,9,0,0,0
679760,110338,4079,0,1,3,7,6,0,0
133990,408780,1470,4,0,13,6,9,0,0
658421,301558,4481,0,0,4,5,7,0,0
1020996,60098,121,5,0,12,6,5,0,0
214115,165882,547,5,0,15,1,12,3,0
2302757,391662,2915,0,0,1,7,6,0,1
366260,242766,1501,2,0,6,4,6,0,0
214664,189690,586,5,0,6,5,13,3,0
2194113,355007,3828,4,1,11,6,3,0,1
1399598,39641,2913,5,0,13,2,3,0,1
2119260,332049,3574,0,0,3,4,19,0,1
1393362,262185,3063,4,0,15,5,8,0,1
2237943,413087,4282,3,1,10,1,18,0,1
410289,58215,4267,4,0,18,6,14,3,1
153127,43479,1892,3,0,11,8,15,2,0
1778879,63143,412,4,0,1,7,10,0,1
1538177,252251,4044,3,0,0,1,0,1,1
1783962,178190,2849,6,0,3,8,8,1,1
1487409,231555,66,8,0,18,5,6,1,1
1070557,12509,2629,3,1,17,5,19,2,0
1012781,167870,1393,3,0,11,6,11,0,0
966402,26276,1026,3,0,4,3,5,0,0
350349,126021,2403,5,0,15,2,19,0,0
2058362,283565,1679,4,0,4,5,18,0,1
2433327,79862,2047,3,0,2,0,4,0,1
1879394,241526,1881,0,0,8,7,5,1,1
2089963,319047,1102,0,1,14,7,2,0,1
406806,381285,2664,0,0,8,2,19,3,0
591557,102607,1892,0,1,11,1,15,0,0
968932,317606,4165,0,0,5,9,11,2,0
644004,390637,1031,0,0,5,5,18,0,0
724866,321307,3350,0,0,4,3,7,0,0
1962165,357027,4818,3,1,12,8,18,0,1
1124941,72443,1522,0,1,10,5,6,2,0
1977277,94326,2482,0,0,12,1,18,0,1
2460283,155525,1102,8,0,8,2,2,1,1
1488800,310833,3971,3,0,4,5,14,0,1
1724219,122376,4090,0,0,5,4,16,0,1
1587603,145721,1918,4,0,9,3,13,2,1
588828,202957,4234,0,0,19,1,13,2,0
260625,234003,1102,3,0,18,0,2,0,0
1638345,155907,3102,6,0,13,3,5,1,1
131436,111051,606,4,0,14,1,0,0,0
2251729,4988,1283,0,0,9,2,1,0,1
1208290,104747,4282,3,0,3,0,18,2,0
900821,370303,4322,4,0,5,2,10,2,0
1019045,54977,742,3,1,14,9,2,0,0
1495982,396474,1749,4,0,12,0,17,1,1
535146,284590,2545,2,1,5,5,5,0,1
1908503,301351,4528,2,0,6,2,13,1,1
2038188,747,2422,3,0,5,0,8,0,1
2344435,158818,1760,5,0,7,2,5,1,1
1528865,271884,4129,3,0,12,2,13,0,1
418294,24171,4044,4,0,11,1,0,2,0
406430,100965,1203,4,2,15,6,6,0,0
2173745,373993,3505,3,0,7,2,12,1,1
2266894,376845,3958,3,0,11,8,10,0,1
2225367,136924,3173,3,0,5,0,11,0,1
72048,93096,1102,0,0,1,6,2,0,1
825310,377428,3828,3,0,2,9,3,0,0
632647,233191,2128,4,0,13,0,9,2,0
1921588,165564,4852,3,0,9,5,12,2,1
2147923,201359,4818,3,0,7,0,18,0,1
1595289,417760,4847,2,0,18,1,10,0,1
1093003,360425,4173,3,0,15,3,13,0,0
1432201,47278,3472,3,1,5,4,15,0,1
1952799,398428,4960,5,0,11,6,14,0,1
1792984,287339,1833,4,1,0,8,0,0,1
655417,183796,2356,2,1,18,5,3,2,0
99176,131256,4198,0,1,18,5,6,2,0
1234205,192569,4079,5,0,4,7,6,0,0
2460068,63970,4044,0,0,8,1,0,0,1
602609,81877,2954,5,0,4,3,4,2,0
1820101,134262,4374,0,1,2,8,9,0,1
253829,56847,963,2,0,19,2,3,2,0
1740861,57749,2450,4,0,9,0,0,0,1
1288472,173912,3826,3,1,10,5,5,0,0
442621,381306,1102,3,0,0,7,2,2,0
1533763,23825,598,3,1,2,2,19,0,1
963304,243107,360,2,1,19,0,16,0,0
549480,378295,3609,0,0,5,0,16,0,1
217787,160251,1892,3,0,8,1,15,2,0
1073901,2015,415,2,0,9,0,10,3,0
1091039,168425,2248,2,2,7,1,13,2,0
2302061,128907,1841,0,0,10,3,1,0,1
328250,355128,3727,3,0,6,4,16,0,0
796251,234052,4044,2,1,3,1,0,2,0
2234355,234894,3148,4,0,12,9,10,0,1
704391,248848,1557,3,1,1,8,2,0,0
2218586,343177,1102,0,0,12,0,2,0,1
1219746,74033,1470,6,0,13,6,9,2,0
445085,209019,2,6,0,2,2,6,0,0
1327340,29549,2099,4,0,3,3,4,0,0
1770356,180178,2144,3,0,5,3,11,0,1
1884171,324593,4044,3,0,17,2,0,0,1
924619,209804,3445,4,0,6,2,6,0,0
455042,238465,1861,6,0,3,8,10,0,0
31537,297618,141,0,0,2,8,8,0,0
1783696,215276,4282,3,1,9,5,18,0,1
291297,231204,3614,4,0,5,7,0,2,0
612209,114139,4044,3,2,12,3,0,0,0
563657,247999,1494,0,0,4,4,4,0,0
889900,43897,897,4,0,0,2,4,0,0
1391957,413593,803,0,0,6,4,11,0,1
2293463,73804,4920,3,0,17,3,8,0,1
1406342,152394,2876,6,0,9,5,12,0,1
1250297,71234,2217,6,0,14,3,7,0,0
915550,335495,474,4,1,16,7,1,2,0
1655767,399855,4044,3,2,6,3,0,0,1
396005,106335,1200,4,1,0,0,5,0,0
1546255,5481,1102,4,0,4,6,2,1,1
1940106,43973,3734,0,1,13,8,5,0,1
2078687,138264,4847,3,0,5,8,10,1,1
429729,67698,3925,0,0,3,1,5,0,0
2242206,46185,2099,3,0,4,1,8,2,1
225571,314112,4129,2,0,0,2,13,3,0
1811670,53024,608,4,1,11,0,15,0,1
943732,344471,4195,2,0,15,1,0,0,0
1356849,375935,608,6,0,17,3,15,0,0
895959,128380,773,4,1,18,9,14,0,0
1895508,253486,3016,3,1,13,5,9,0,1
2227524,226860,102,3,1,11,6,18,0,1
1044249,176591,3990,0,0,8,1,13,0,0
1370585,110855,3828,4,0,2,3,3,0,1
225767,60672,2161,4,0,7,6,1,0,0
1964864,340962,4044,3,0,10,2,0,1,1
1805318,228198,4044,2,0,12,3,0,0,1
2392491,238508,4276,2,1,12,5,12,2,1
1969292,164754,1749,4,1,11,7,17,0,1
275589,241179,4173,0,1,2,1,13,0,1
1502381,221227,829,0,0,2,5,18,0,1
177604,186597,4394,0,1,3,8,2,2,0
2216278,70442,1501,4,0,17,3,6,0,1
497608,95896,962,4,1,5,2,2,0,0
773970,328759,3578,4,1,4,3,7,0,0
175772,116964,4324,3,0,3,7,16,2,0
661495,355063,3650,3,1,6,2,5,0,0
94074,16821,3460,4,1,0,8,7,0,0
577342,295879,1754,4,0,12,9,18,0,1
343076,388929,1892,0,0,7,9,15,0,0
1263482,320330,1283,2,0,5,0,1,3,0
135343,197325,2565,0,0,13,0,19,0,0
303739,48939,1679,4,0,7,1,18,0,0
336475,149565,722,3,0,7,0,17,0,0
2382982,312445,4949,6,1,6,8,1,0,1
662230,123640,4280,5,0,12,4,17,3,0
1925935,203372,2639,5,0,11,2,16,0,1
684750,103429,3173,3,0,1,7,11,0,0
1481368,108246,777,6,1,9,3,2,1,1
1071672,248030,1916,0,0,6,7,10,2,0
2296322,15200,1816,5,0,17,0,5,0,1
1086218,66278,742,7,0,3,3,2,2,0
1832767,99452,1393,2,0,15,3,11,0,1
2085103,60870,4186,6,0,16,6,14,0,1
1889748,132113,4976,3,0,18,6,14,0,1
263492,72468,359,5,0,16,2,5,2,1
358929,25161,2173,0,0,10,0,5,0,0
1976935,156839,3828,6,0,6,2,3,0,1
1719401,282850,3323,6,1,8,5,1,0,1
1690756,83477,4282,3,1,8,8,18,0,1
70868,172968,2872,0,0,10,9,9,0,0
2072663,139288,4234,6,0,7,0,13,0,1
389282,304731,1557,3,0,8,1,2,0,1
557703,97723,3986,0,0,13,0,1,2,0
919187,142217,2766,5,0,5,1,15,0,0
2368992,83879,586,0,0,14,1,13,0,1
236879,56070,2669,3,0,19,0,9,2,0
240813,59400,4044,6,0,0,3,0,0,1
871068,68974,1923,4,0,8,3,10,0,0
739582,266275,1964,2,1,2,4,2,0,1
1547945,401716,4044,0,0,15,3,0,3,1
450306,397182,3095,3,0,12,2,10,0,0
1454675,333329,3893,0,0,2,5,7,0,1
939209,113813,2489,3,0,6,2,1,0,0
460767,373636,3671,3,0,18,8,9,0,0
1288796,386648,152,4,1,18,9,6,0,0
200300,240882,1816,3,0,16,9,5,0,0
614719,143068,2341,5,1,15,2,18,2,0
2278802,192331,191,3,1,5,1,4,0,1
2008289,332133,3976,0,0,15,2,10,1,1
1030378,193991,3938,4,1,9,2,1,0,0
60484,108450,1816,0,0,9,0,5,0,1
2031698,379905,1707,3,1,8,5,16,0,1
613035,80347,1890,2,0,15,3,13,2,0
2205163,122568,3734,3,1,2,3,5,0,1
251258,166926,1031,4,0,19,5,18,0,0
52232,10653,4887,2,0,4,7,17,2,0
1225510,226100,414,3,0,9,5,10,0,0
2435497,149524,1944,4,0,13,2,11,0,1
141198,83664,4044,3,0,4,6,0,0,0
1522264,208999,1102,3,0,4,6,2,0,1
2024560,87748,416,5,0,2,2,9,0,1
817477,35920,2217,4,1,7,3,7,2,0
524126,192424,1340,3,0,8,3,4,0,0
107176,100029,2403,5,0,2,2,10,0,0
446357,56700,3623,3,0,2,8,5,2,1
573398,285124,606,3,1,6,1,0,0,0
1476688,142339,127,2,0,13,7,15,0,1
603576,116182,4666,4,0,2,8,4,2,0
2451474,140862,2905,5,0,6,4,6,0,1
1018456,362945,3563,6,0,4,1,6,0,0
665754,120058,3828,3,0,19,4,3,0,0
1572308,325496,2136,3,1,1,1,11,0,1
602402,202453,2066,3,1,11,6,7,0,0
1428866,18861,2594,5,0,4,1,15,0,1
58990,114849,3593,4,1,14,0,1,0,1
2063132,238528,1102,3,0,13,7,2,0,1
2035426,42434,1393,6,0,18,7,11,0,1
1450768,322196,3244,6,0,10,6,8,0,1
1368576,408811,4282,0,1,10,5,18,0,1
1788254,363965,2136,6,0,3,2,11,1,1
530050,417451,632,6,0,4,3,15,0,0
116425,326082,1272,3,1,9,4,8,2,0
491839,270997,1742,0,0,16,2,18,2,0
131622,52683,4368,3,1,15,7,15,0,0
405770,402276,3473,3,0,18,8,7,3,0
775803,58168,2664,0,0,0,5,19,0,0
684233,352516,412,3,0,19,4,10,0,0
844229,309343,4950,3,2,15,8,4,2,0
1312015,398693,4847,3,0,11,1,4,2,0
1513789,410073,3466,7,1,2,4,14,0,1
1595485,39322,3828,5,0,14,5,3,0,1
1880953,420503,3665,1,0,11,1,13,1,1
1991748,72282,4818,4,0,11,5,18,2,1
2104905,103860,3152,0,0,17,5,11,0,1
1945256,203898,4648,3,0,9,4,18,2,1
838687,360796,3734,3,1,10,1,5,0,0
2406251,85661,1800,2,0,11,8,6,0,1
413659,67689,1557,3,1,16,5,2,0,0
1329813,311663,3828,0,0,8,1,3,0,0
874484,261232,1892,0,0,14,1,15,0,0
1380844,144655,1487,6,0,3,6,15,0,1
516472,299428,586,4,0,16,8,13,0,0
126518,253896,1678,2,1,17,7,1,2,0
704108,367120,3160,0,0,0,1,9,0,0
2350276,322105,949,3,0,0,1,17,0,1
449056,89469,4756,6,0,12,2,17,2,0
1718581,45273,4234,0,0,4,0,13,0,1
304407,75819,3205,4,0,14,6,5,2,0
2368084,103629,3136,4,0,13,8,1,0,1
2090164,3675,1501,2,0,10,3,6,0,1
2369329,423846,1393,0,0,2,9,11,0,1
1726707,299885,148,4,0,0,2,13,0,1
859335,410215,2752,4,1,13,7,6,2,0
789914,6208,4607,5,0,7,6,9,0,0
1457157,128966,81,4,0,15,2,4,1,1
2332627,72800,855,3,2,4,0,11,0,1
48370,396699,437,3,0,15,8,18,0,0
1994805,363203,1881,3,1,3,9,4,0,1
1122357,368378,4287,3,0,19,9,15,0,0
1001160,95927,4129,3,0,18,2,13,0,0
280848,177438,2821,2,0,19,0,15,2,0
859526,351079,1102,3,0,1,2,2,0,0
1165044,382994,4658,5,2,6,4,11,2,0
2297337,306918,3847,0,0,16,3,2,0,1
308751,167982,4336,0,0,8,6,16,0,0
808474,242251,2537,0,1,11,5,14,0,1
298241,368424,1393,0,0,11,6,11,0,0
762707,369457,3828,3,0,8,8,3,0,0
172776,393954,4444,6,0,7,7,1,0,0
2240443,126292,2403,6,0,9,7,15,0,1
770800,207157,141,0,0,18,8,8,3,0
2373884,10020,3912,5,0,3,8,5,0,1
885490,145270,4954,3,0,0,9,8,0,0
2046892,375622,3614,4,0,14,7,0,1,1
3452,20865,951,3,0,3,5,11,0,0
2090901,343054,4044,0,0,10,1,0,0,1
2159920,297092,1102,5,0,0,2,2,0,1
1837100,318765,3154,1,0,9,5,13,0,1
413700,265065,2273,6,0,3,8,5,2,0
835359,232282,962,5,0,9,0,5,0,0
2101461,300472,4111,2,0,3,2,5,2,1
156328,160728,416,5,0,17,9,9,0,0
871046,264814,4420,4,1,19,5,15,0,0
1279644,261971,2583,4,0,5,2,2,0,0
1523645,196760,1861,1,0,13,7,10,1,1
321794,374325,663,4,0,14,1,7,0,0
2115187,59499,4173,3,0,18,6,13,1,1
1602675,71186,361,6,1,12,8,13,0,1
1364495,109769,148,4,0,6,1,4,0,1
2253134,352256,1131,2,0,14,4,5,0,1
1224853,138548,2644,6,1,6,2,7,0,0
1332713,295793,557,4,1,3,2,2,0,0
2440052,190597,4765,3,1,6,5,6,0,1
262569,300564,2403,6,1,3,2,19,0,0
1060846,239576,412,3,0,0,4,10,0,0
406267,291684,1916,5,0,0,7,10,3,0
365977,231246,41,6,0,19,7,12,0,0
1744603,72390,2397,5,1,8,6,7,0,1
957461,416927,1640,0,0,9,0,15,0,0
1068319,391388,437,4,2,16,3,1,2,0
1238386,410939,2360,0,0,7,7,18,0,0
1233477,164921,4836,3,0,10,1,6,0,0
1385553,325548,4173,4,1,2,2,13,0,1
46283,383898,1621,3,1,5,3,6,2,0
384773,204120,2273,0,0,15,8,5,2,0
331028,262458,4044,0,0,8,3,0,0,0
452834,287103,1557,4,0,6,5,2,0,0
857619,153958,2138,2,0,17,2,0,2,0
904690,311681,4305,4,1,9,5,1,2,0
1276320,74321,474,4,0,1,5,13,0,0
1222276,303155,1892,4,0,1,8,15,2,0
365537,215373,4044,2,0,9,6,0,0,0
172701,261090,4585,0,1,16,2,19,0,0
2426864,262422,4949,7,0,12,4,1,0,1
2206758,395982,4173,3,0,15,2,13,0,1
2041715,40701,2962,4,0,7,6,9,1,1
866490,26731,1512,0,0,11,0,3,0,0
2337855,383436,2187,0,0,15,3,1,0,1
89837,176307,4173,4,0,8,6,13,3,0
2272029,14933,3828,6,0,5,1,3,0,1
803036,227143,2537,2,0,1,4,14,0,0
566237,405184,3105,3,0,2,4,6,0,0
1060945,46808,3853,0,0,9,6,0,0,0
967788,341669,2140,3,0,1,5,1,0,0
2035735,177174,3828,0,0,7,8,3,0,1
442759,122490,2229,2,0,17,4,15,0,0
258896,109074,4173,3,1,13,6,13,2,0
1549885,402199,3350,0,0,14,3,7,2,1
813383,151117,2856,0,0,10,4,2,0,0
677947,39937,437,3,0,0,8,18,0,0
1441683,107499,4044,3,0,8,8,0,0,1
1947152,101605,1884,3,1,7,5,16,0,1
823208,108883,3828,0,0,8,1,3,0,1
2428711,50975,1916,3,0,5,7,10,1,1
552747,306361,630,0,0,3,3,4,0,0
709540,96274,1178,0,0,2,6,18,0,0
185449,110058,2403,0,0,5,7,19,3,1
564399,138943,2598,0,1,2,0,17,0,1
1422314,102032,4173,3,0,3,5,13,0,1
2386347,149556,2403,3,0,19,1,10,0,1
1802951,248748,1272,6,1,8,4,8,0,1
470282,245641,684,6,0,6,8,6,2,0
2339173,41607,4282,2,1,1,0,18,0,1
2342612,126925,3828,5,0,15,5,3,0,1
701569,343054,4044,0,0,19,1,0,0,1
2290909,335818,586,4,2,2,7,13,0,1
363285,186444,2361,4,0,14,2,4,0,0
752248,242731,2608,4,0,11,1,10,0,0
2154150,349316,1457,3,1,13,6,13,0,1
1713018,258531,793,0,0,3,3,8,0,1
953830,335261,3682,5,1,8,6,17,0,0
496409,306328,1833,3,0,12,8,4,0,0
2015411,245630,2552,3,0,10,5,12,0,1
44549,245913,608,6,0,5,0,15,3,1
2351185,73277,1262,0,1,17,2,6,0,1
2145553,167776,1370,6,0,1,0,4,1,1
231255,265731,3854,3,0,13,5,17,0,0
1657805,215276,4282,3,1,7,1,18,0,1
69975,336039,3200,3,0,8,1,9,0,0
336587,415293,1489,2,1,11,5,5,0,0
364041,152652,3574,5,0,15,4,16,2,0
1166421,97298,1393,3,2,8,8,11,0,0
2164647,396263,1131,0,0,12,0,5,0,1
1769046,171379,4267,5,0,0,0,14,0,1
1937599,388422,3828,3,0,8,9,3,0,1
538063,393136,2730,6,1,12,4,7,0,0
892429,263290,2403,5,0,0,2,19,0,0
1686830,421980,4105,1,0,8,5,2,0,1
1702136,316955,1272,6,0,19,2,8,0,1
1795376,199997,1501,3,0,17,3,6,0,1
544541,50356,311,6,0,19,1,5,0,0
122855,111558,191,2,0,10,3,4,0,0
745422,90406,293,3,0,9,3,18,0,0
1838896,74378,591,3,0,15,7,19,1,1
1918696,179436,1810,0,0,11,4,16,0,1
2356249,308148,3734,3,1,3,4,5,0,1
1348983,255098,4042,0,0,11,1,0,0,0
1505286,346282,3984,0,0,16,9,18,1,1
1995975,122168,1892,3,0,12,8,15,1,1
816459,65359,4265,0,0,16,3,15,2,0
48982,24987,2448,4,1,9,5,1,2,0
563009,27838,2429,2,0,0,8,5,0,0
1123416,215546,2482,3,0,14,0,18,0,0
1384887,318702,4282,7,1,4,0,18,0,1
427608,251505,598,0,1,7,6,19,0,1
1442618,308378,949,5,0,2,1,17,0,1
853725,132196,3148,7,1,6,6,12,0,0
2177838,47606,2066,5,0,8,6,7,0,1
1864935,58799,1102,0,0,13,8,2,0,1
1330694,406895,742,4,0,15,2,2,2,0
55791,199839,2639,3,0,14,2,16,2,0
1607342,73183,652,3,0,7,0,14,0,1
768858,400180,4976,2,0,13,0,14,0,0
1606129,33023,361,6,0,7,7,13,0,1
1127124,287996,3635,4,0,10,6,19,2,1
772454,335926,1875,0,2,14,0,6,0,0
990789,395186,4324,3,0,11,7,16,2,0
1978303,403403,515,0,1,5,4,14,0,1
2101267,282172,2594,3,0,4,6,15,0,1
63331,156579,1742,0,0,9,2,18,0,0
632473,420838,4955,0,0,0,2,18,0,0
1101694,328430,4594,0,0,15,5,18,2,0
1886401,286358,474,3,1,14,5,16,1,1
2028229,33065,2883,6,0,12,3,10,0,1
45992,106650,643,1,0,15,8,1,2,0
1918179,262810,962,2,0,10,0,4,0,1
2455146,113330,598,0,1,15,3,19,0,1
1481960,139028,4302,6,0,3,6,7,0,1
598446,304339,2173,3,1,0,0,11,0,0
1937472,238179,4760,2,0,2,5,0,1,1
1630577,28239,2883,5,0,2,8,10,0,1
2446896,165889,1102,7,0,6,0,2,0,1
1292844,333146,1281,4,0,11,9,6,0,0
565690,253888,1704,4,0,4,3,13,0,0
1938626,289075,598,0,1,12,6,19,0,1
1453500,224502,586,4,0,15,4,13,0,1
964460,413603,1399,4,0,16,6,12,0,0
2141459,134840,4847,3,0,3,2,10,0,1
2372749,330293,4438,5,1,10,5,3,2,1
1877077,407875,2711,5,0,12,8,4,1,1
2401084,245036,2422,2,1,15,0,8,0,1
460669,305284,3016,8,0,15,5,9,0,0
2218997,93636,3828,3,0,5,3,3,0,1
1643225,361854,3828,2,0,13,7,3,0,1
2431395,168266,2403,4,0,0,2,13,0,1
767842,102964,2928,3,1,7,5,10,0,0
1372328,290695,1713,4,0,17,4,14,0,1
1992155,110468,4009,0,0,2,0,18,0,1
1461871,408395,4267,4,1,10,0,14,0,1
2058104,351913,3828,3,0,10,1,3,0,1
1300136,153182,402,0,0,15,0,5,2,0
1097540,385772,236,3,0,9,9,6,3,0
211718,339192,141,6,0,4,8,8,3,0
113608,83136,1816,6,1,13,6,5,0,0
365598,150861,3839,0,0,8,7,12,0,0
2213995,337857,1999,5,2,8,5,15,0,1
1288877,391256,1487,6,0,4,6,15,0,0
996445,322229,2242,5,0,19,1,11,2,0
1935325,10587,3958,4,0,14,7,10,0,1
1151818,231947,4044,3,0,15,6,0,0,0
988794,125105,643,5,0,7,8,1,0,0
1903106,347476,2545,5,1,16,8,5,0,1
51817,324765,1911,0,0,7,8,4,0,0
1948972,235368,4043,6,0,8,3,17,0,1
670884,112381,1102,3,0,6,6,2,2,0
894276,269179,2569,6,0,18,2,0,0,0
1349425,274298,3230,2,1,11,4,9,2,0
536111,385711,320,3,0,13,2,16,0,0
610161,172762,3356,4,0,2,6,14,0,0
790335,344896,2173,3,1,10,0,5,0,0
799942,241990,4282,2,1,13,7,18,0,0
207415,130038,1861,3,0,3,8,10,2,0
1058311,213974,4044,3,1,14,9,0,0,0
2210870,246146,1356,4,0,7,0,19,1,1
565589,251584,1556,2,0,12,3,14,0,0
2384071,2436,4173,3,0,13,6,13,0,1
1924147,421395,860,5,0,9,7,15,0,1
80564,8877,1340,0,0,16,6,4,0,0
2446822,94207,1102,4,0,6,7,2,1,1
2362971,356992,2981,4,0,15,7,19,0,1
1087340,108263,3828,0,0,15,6,3,0,0
1194026,213794,598,3,1,14,1,19,0,0
2318955,225570,3173,6,0,18,7,11,0,1
963216,240035,3635,3,1,3,2,19,0,0
613051,81115,793,4,0,18,4,8,3,0
2205319,421489,3853,0,0,14,5,16,0,1
165438,103134,141,4,0,14,9,8,0,0
1384490,114627,4044,3,0,0,1,0,0,1
816271,126031,2217,3,1,7,3,7,0,0
320663,270900,652,4,0,9,0,14,0,0
1582706,382852,3097,2,0,3,4,11,0,1
2227388,177762,1393,5,0,9,2,11,0,1
1752897,280625,474,4,1,5,1,4,0,1
466652,319879,2569,3,0,3,2,0,3,0
576027,112582,66,3,1,12,5,6,2,1
2362227,294178,586,4,2,2,2,13,0,1
1433596,224539,1695,5,0,10,3,3,2,1
430183,83826,4818,2,1,7,9,18,0,0
216326,242427,1102,4,0,15,6,2,0,0
774589,18487,1884,5,1,4,7,16,0,0
20892,98187,1102,3,0,14,7,2,0,1
2040295,330511,4173,3,0,0,3,13,0,1
493755,144022,2138,0,0,17,2,0,2,0
1067432,292571,3990,7,0,8,1,13,0,0
563999,125887,2869,3,0,3,5,16,0,0
1243478,71486,742,0,0,10,3,2,0,0
1717091,395640,3760,4,1,11,1,8,0,1
1576762,283389,2954,5,2,7,5,4,0,1
185337,38634,310,3,1,2,0,19,2,0
1731733,114849,3593,4,1,15,0,1,0,1
289112,81186,4044,2,0,10,3,0,0,0
2371667,197839,3394,4,0,14,3,9,1,1
382404,114519,4282,3,1,10,0,18,0,0
793638,137794,1916,5,0,13,0,10,0,0
763014,123697,1679,6,0,2,1,18,0,0
114385,186561,2569,6,0,17,2,0,0,0
674085,112639,1884,3,0,16,1,16,2,0
1793954,139644,1393,2,0,1,8,11,1,1
277900,319260,2537,0,0,12,8,14,0,0
269354,79383,2723,3,0,0,2,4,0,0
404398,214371,2173,4,0,11,0,11,0,0
1683100,202796,798,4,0,18,5,0,2,1
2033435,340332,66,0,0,10,5,6,1,1
4875,13698,2711,3,0,9,8,4,0,0
1506902,222503,3828,0,0,8,6,3,1,1
331737,287802,4143,4,0,6,1,11,0,0
389323,242523,4818,4,0,7,8,18,0,1
1450069,346659,1102,3,0,0,7,2,0,1
314734,111153,141,0,0,1,4,8,0,0
641187,24811,2592,4,1,10,0,7,0,0
1138089,240131,4504,5,0,19,6,15,0,0
1916125,300740,3835,6,1,2,7,12,0,1
188805,45036,3854,4,0,8,0,17,0,0
1815994,38798,1965,3,0,8,4,12,1,1
2398604,110858,3432,0,0,0,5,12,0,1
1742928,278427,3925,4,0,9,8,5,0,1
190397,28140,4129,2,0,12,2,13,0,0
1256155,367430,598,3,1,1,2,19,0,0
502172,272539,278,0,0,18,6,6,3,0
2043857,363952,4775,0,0,14,3,9,0,1
43164,249240,373,4,1,5,3,11,0,0
2233308,155019,3161,6,0,18,6,2,0,1
2439465,400276,2173,4,0,8,0,11,3,1
142988,409041,4143,0,0,3,9,11,0,0
2116497,245659,3828,4,0,15,3,3,0,1
737131,179746,860,0,0,1,8,15,3,0
1037602,129227,1126,4,0,16,1,12,0,0
134497,358092,4173,6,0,3,9,13,0,0
2311768,67375,1892,0,0,8,4,15,0,1
614938,349660,372,6,0,8,5,18,0,0
298645,183336,4718,5,0,15,1,17,2,1
2303067,340521,4480,4,0,14,0,4,0,1
1014468,103103,643,3,2,6,8,1,2,0
784994,261949,4385,0,0,12,6,7,0,0
1367926,395931,4173,6,0,0,4,13,0,1
192623,300270,3828,2,0,4,8,3,0,0
1456697,306619,4775,0,0,12,3,9,1,1
1151932,171275,2413,0,0,0,2,17,0,0
2258083,278374,4966,3,0,10,4,8,0,1
1982276,235237,1102,5,0,11,0,2,0,1
2170924,211315,598,2,1,13,1,19,0,1
661302,154615,1968,0,0,9,2,17,0,0
68814,293286,790,3,0,9,4,0,2,0
716476,16150,4986,3,1,19,4,2,2,0
893909,385147,1499,0,0,18,2,16,0,0
2265096,19096,1102,0,0,3,6,2,0,1
1303335,403040,3734,2,1,13,9,5,2,0
1759669,7700,1618,3,0,6,0,19,0,1
23157,174477,436,0,0,11,9,15,0,0
210187,285687,3734,3,0,6,7,2,0,0
935826,181139,1028,4,1,17,4,10,2,0
1318775,327017,121,4,0,4,5,5,2,0
1827081,217355,4173,3,0,17,8,13,0,1
1839687,349814,798,2,0,16,8,0,0,1
1372090,79439,4256,4,0,11,0,2,0,1
1841989,149999,4483,3,1,13,0,4,2,1
599597,20947,1679,3,1,9,6,18,0,0
516098,282019,1833,2,0,12,8,4,0,0
1161668,323600,2108,4,0,17,5,4,0,0
2075122,94616,1892,0,0,15,6,15,0,1
1863014,231552,3828,5,0,10,8,3,0,1
647567,66799,1833,3,1,5,8,4,0,0
1530322,96422,4465,4,0,4,0,1,0,1
1789684,99783,3609,6,0,16,0,16,0,1
1365140,87747,4173,4,0,15,3,13,0,1
394410,243294,1520,3,0,4,0,1,0,0
1398849,93006,3828,4,0,7,6,3,1,1
2451447,418341,1393,4,0,16,2,11,0,1
1587098,385297,3828,0,0,17,2,3,0,1
2105788,308098,1864,3,0,3,7,10,0,1
2430071,386683,2752,3,2,12,7,6,0,1
1194448,35363,2312,3,0,2,3,7,0,0
939520,187541,4090,0,0,0,4,16,0,0
693882,390922,1485,2,0,7,2,17,0,0
396065,368991,191,2,0,18,9,4,0,0
1332670,422768,3990,4,0,2,6,13,2,0
791731,66625,2821,3,0,16,5,15,0,0
1238021,397883,1102,6,0,15,7,2,0,1
2337323,316814,3734,0,1,8,5,5,1,1
2248985,312313,2664,5,2,7,7,19,0,1
1488345,349371,141,2,0,14,4,8,0,1
1454863,14282,3828,3,0,7,3,3,2,1
817369,97615,4049,4,1,14,9,12,2,0
2322337,359545,1102,2,0,15,1,2,0,1
1503702,294873,241,1,0,3,4,6,2,1
542455,364723,3562,2,0,12,4,12,0,0
2076426,307837,1835,3,1,16,3,3,0,1
1241753,140861,3608,6,1,7,0,17,2,0
2306565,31962,4504,6,0,9,6,15,0,1
1619206,419473,4044,0,0,3,1,0,1,1
791260,177217,4173,6,1,11,2,13,0,0
1584466,268872,1920,2,0,1,5,3,0,1
710187,254227,598,3,1,0,2,16,2,1
1932929,151856,3452,6,0,8,5,19,0,1
513696,189346,2954,0,0,16,0,4,2,0
683210,117508,798,2,0,7,5,0,3,0
1263054,42314,3463,0,0,2,6,4,0,0
1916196,265349,2579,4,0,17,1,7,0,1
376614,161619,4976,2,0,10,1,14,0,0
1061485,333272,4371,4,0,7,7,5,2,1
957199,274079,2928,3,1,7,5,10,0,0
447930,311421,4966,3,1,3,5,8,0,0
2064281,238504,4277,2,1,11,5,14,1,1
2123501,167166,2451,1,1,7,2,16,0,1
798153,44101,2318,3,1,16,6,17,0,0
528150,208810,4414,5,2,1,4,15,0,0
331555,19770,2339,0,0,7,6,5,2,0
624763,329698,1062,4,0,14,8,12,0,0
1926074,39819,4950,3,0,3,5,7,0,1
1802333,274389,2138,3,0,13,3,0,1,1
573084,275908,2124,4,0,0,4,18,0,0
1325883,176237,1102,4,0,13,9,2,3,1
786807,4414,1827,7,0,11,2,0,0,0
1446116,318581,4444,4,0,13,7,1,0,1
2270834,67190,41,0,0,3,7,12,1,1
288888,339234,3349,6,0,7,3,7,0,0
364897,62541,1393,2,0,5,4,11,0,1
1099235,171245,1062,5,0,2,0,12,0,0
2231687,367034,4099,5,0,6,3,15,1,1
1436078,268283,4044,4,0,16,3,0,0,1
699369,4621,2284,0,1,11,6,14,2,1
171331,199905,798,2,0,19,5,0,2,0
1275014,215888,3990,0,0,8,1,13,0,0
158201,101850,3828,0,1,4,4,3,0,0
148178,393684,4173,4,0,5,6,13,2,1
912492,147845,4044,2,0,15,6,0,0,0
179109,316902,3839,4,1,4,7,12,2,0
966840,303269,4049,3,0,5,2,12,3,0
1581340,252251,4044,3,0,5,1,0,3,1
499224,169114,3828,4,0,10,3,3,0,0
1210778,126764,4480,4,2,18,7,4,0,0
9617,251781,4976,5,0,6,6,14,0,1
1916662,9519,1272,0,0,4,3,8,0,1
206065,399861,3016,3,1,12,5,9,0,0
1081140,272099,3990,6,0,3,3,13,0,1
1539050,178564,2928,0,0,16,5,10,1,1
601948,313813,3623,3,0,17,5,5,2,0
1877936,306418,2424,3,0,1,6,6,0,1
1248060,312641,1500,3,2,18,6,17,2,1
326248,17463,3205,6,0,13,6,5,3,0
891280,159865,1972,4,0,1,5,8,2,0
1654841,119113,630,3,0,7,9,4,0,1
1180614,177179,3018,4,0,12,0,11,0,0
1908097,388427,2700,3,0,12,0,13,0,1
1729965,57521,1102,2,0,11,6,2,0,1
574322,121285,1585,4,0,0,6,9,0,1
161039,146139,1102,3,0,0,6,2,3,0
1504263,252261,3016,2,0,13,2,9,0,1
1216393,4655,1022,2,0,8,5,11,2,1
1769024,333272,4371,4,0,10,7,3,1,1
544879,190900,3159,5,0,0,0,18,2,0
806187,17737,2545,3,0,5,5,5,0,0
770237,249397,3411,4,1,9,7,0,0,0
813387,282445,4585,4,1,0,0,19,0,0
2018027,267499,361,4,0,10,4,13,0,1
1644109,206533,3828,3,0,18,7,3,0,1
1093106,35306,1102,4,1,2,6,2,0,0
383935,237144,3809,0,1,7,2,0,0,0
1434962,414108,931,7,0,6,1,10,0,1
2050046,166537,3623,3,0,4,5,5,2,1
846614,122464,2136,3,0,15,8,11,0,0
1880030,74209,3828,6,0,12,3,3,0,1
1568551,171923,4479,3,0,2,4,7,0,1
1107140,261617,4173,4,1,4,6,13,0,0
2047398,409124,1039,4,1,17,2,4,0,1
1676665,200950,842,3,0,8,3,5,0,1
2270630,150030,141,2,0,11,1,8,0,1
1064087,43994,4043,3,0,1,9,17,2,0
1673419,104670,707,2,0,3,1,11,1,1
939734,65429,1102,3,0,7,2,2,0,0
567821,143041,594,6,0,11,5,15,2,0
269282,337431,3915,5,1,4,2,9,0,0
222687,78846,4693,0,0,14,7,11,3,0
2668,196737,437,4,0,8,8,18,0,0
2421699,62649,4173,3,0,3,2,13,0,1
1452041,413851,2700,6,0,7,0,13,0,1
584668,109003,1318,4,1,19,5,12,3,0
57615,256416,2359,3,0,4,0,1,0,0
764642,255538,3080,6,0,7,2,12,3,0
1819393,220429,3392,0,0,6,3,6,1,1
1200363,192038,2664,5,0,11,2,19,0,0
2250913,130524,474,4,1,14,5,4,1,1
2243062,126699,1447,3,0,3,5,0,1,1
2217095,91921,4605,6,0,5,2,18,2,1
2007397,80222,4643,4,2,15,1,9,0,1
51419,179613,4173,0,0,12,6,13,0,0
1777753,336843,1393,3,0,3,3,11,0,1
663213,27640,1892,4,0,19,5,15,0,0
2076892,70088,4282,4,0,1,5,18,1,1
1799448,217488,437,5,0,15,3,18,0,1
1794268,268384,4044,3,0,9,3,0,0,1
2299097,247457,121,4,0,2,5,5,0,1
279221,367389,3014,0,0,15,3,1,0,0
1692043,301076,191,3,0,16,4,4,0,1
1403115,312337,2639,0,0,11,4,16,0,1
2136798,418011,3728,3,0,17,5,3,1,1
2282255,280892,1892,4,0,10,2,15,0,1
1531430,2861,2639,6,0,17,4,16,0,1
1298488,416093,141,3,0,13,9,8,2,0
383077,402519,4044,3,0,6,3,0,3,0
762217,152368,1060,2,0,15,2,13,0,0
1341140,290933,3968,2,0,8,5,14,2,0
1806425,193275,3859,2,0,12,3,2,0,1
1315086,190823,2161,6,1,8,8,17,0,0
38397,23445,1393,3,0,10,9,11,3,0
537085,25519,1102,4,0,15,6,2,0,0
1877835,101126,2082,5,0,12,2,0,0,1
298331,41256,2928,4,0,13,5,10,0,0
1358313,357503,4173,3,0,3,1,13,0,0
1935389,368701,598,3,1,8,1,19,0,1
2208236,319476,1810,4,2,10,9,16,0,1
757202,346669,141,0,0,8,3,8,0,0
1241315,123965,2928,3,0,15,5,10,0,0
2127601,171747,1094,2,1,6,0,15,0,1
1445599,315720,4933,5,0,19,0,6,1,1
947622,290201,2409,0,0,19,4,10,0,0
2171376,110855,3828,4,0,14,2,3,0,1
2232442,286346,4394,0,0,3,8,2,2,1
929773,345743,416,5,0,6,8,9,0,1
970334,321191,1910,2,0,19,4,1,0,0
3481,153729,4221,0,0,5,7,8,2,0
2354295,133533,4044,3,0,4,5,0,0,1
527516,251050,1102,0,0,8,3,2,0,0
934400,320402,3432,3,1,1,1,12,2,0
2374149,338735,3828,0,0,7,6,3,0,1
2057753,58486,145,3,0,16,3,8,0,1
1516475,274354,4173,4,0,3,6,13,0,1
107574,47805,13,6,0,1,8,15,2,0
824148,74323,4044,3,0,17,3,0,3,1
1939073,39229,1203,0,0,2,5,6,1,1
1766230,357113,931,3,0,6,6,10,0,1
2312942,83346,4044,2,0,16,4,0,0,1
1296134,203612,1557,3,0,2,9,2,0,0
1534706,297092,1102,5,0,1,2,2,0,1
1593628,167004,4847,3,0,3,4,10,0,1
1383819,409370,3319,3,0,8,5,19,0,1
29099,343440,4949,0,0,13,6,1,0,0
2381854,311347,2709,0,0,17,5,10,0,1
678597,393217,4976,2,0,19,3,14,2,0
392409,40797,1618,3,0,9,5,19,0,0
2093058,305487,1453,6,0,14,5,3,0,1
48316,395931,4173,6,0,7,0,13,0,1
1709879,39808,1272,0,0,18,4,8,0,1
1292238,371546,2318,5,0,0,0,17,0,1
839014,111196,760,0,1,8,9,2,2,0
681082,94210,1393,3,0,18,3,11,3,0
1952674,95403,4330,3,0,0,6,0,0,1
646605,293614,1250,4,0,14,2,14,0,0
1868173,276594,598,3,1,0,1,19,0,1
263475,72468,2954,5,0,12,2,4,0,0
1742535,227925,4282,3,0,0,5,18,0,1
2101870,199570,4850,0,0,16,3,18,0,1
1671012,409370,3319,3,0,1,5,13,0,1
2181218,87629,3828,5,0,8,4,3,2,1
1328510,268910,803,6,1,15,3,5,2,0
1950488,97302,2014,3,0,1,8,18,0,1
1463939,420353,4818,3,1,0,6,18,0,1
2329775,238435,1892,3,2,12,5,15,0,1
568039,149953,2915,5,0,9,0,6,2,0
2382578,123772,1393,4,0,7,1,11,0,1
912705,155525,1102,8,0,13,6,2,0,1
1902262,367419,2460,1,0,8,4,15,0,1
233697,282372,2273,0,0,3,8,5,3,0
1340303,184181,1213,0,0,16,3,15,0,0
774941,92983,293,3,0,9,3,18,0,0
816428,195919,3578,2,0,16,3,7,2,0
2120384,256364,4079,2,0,0,7,5,1,1
1461540,363964,1916,5,0,2,5,10,0,1
2057130,356643,3828,0,0,17,4,3,0,1
727911,31516,4577,4,0,18,9,6,0,0
1728627,345376,2105,3,0,16,4,4,2,1
518069,359332,2928,4,2,14,5,10,0,0
339905,134463,4836,2,1,10,4,6,0,0
1580177,31346,4282,7,0,9,1,18,0,1
566540,21952,1487,4,0,0,6,15,0,0
966526,96164,437,0,0,18,3,1,0,0
2120807,268549,1102,2,0,0,6,2,0,1
844732,391519,1102,3,0,6,3,2,3,0
2215338,138004,2403,4,0,4,7,19,0,1
426493,81264,2721,4,0,13,5,9,0,0
264047,98325,1963,5,1,1,5,14,0,0
706790,402961,4145,3,0,9,9,5,3,0
868265,27244,2883,4,0,3,3,10,0,0
2001262,144355,1393,4,0,3,3,11,0,1
1941900,216245,4818,3,1,18,8,18,0,1
2220272,215640,2649,0,0,13,5,7,2,1
283349,330783,2594,4,0,13,6,15,0,0
1987965,7292,4976,0,0,0,4,14,2,1
2085492,189115,598,2,1,4,6,19,3,1
1431417,218515,4444,4,0,4,7,1,2,1
1030164,117191,474,0,0,11,1,14,2,0
1619841,172496,4850,6,0,3,7,18,0,1
1348926,187514,2217,4,1,16,3,7,3,0
368602,205647,67,5,1,17,4,17,0,0
1403208,19314,326,4,1,2,5,9,0,1
798468,256837,423,4,0,9,4,7,0,0
2104322,807,773,4,0,3,3,14,0,1
2220150,85488,2047,5,0,4,2,4,0,1
2014862,166363,786,2,0,5,5,12,0,1
1289556,216152,2403,3,0,3,2,19,0,0
1821759,314399,3828,5,0,5,8,3,0,1
107186,100029,2403,5,0,1,7,10,2,0
589892,367822,4394,6,0,10,8,2,0,0
1390794,378147,3432,7,0,8,6,12,0,1
1859876,235748,2569,4,0,2,4,0,3,1
127438,350664,946,6,0,0,1,8,2,0
253572,241167,4173,3,0,3,0,13,0,0
1441150,221823,897,4,2,13,2,0,3,1
1263331,381002,2273,4,2,3,8,5,2,0
1340122,309365,1963,3,0,13,5,14,0,0
1716837,292517,1914,4,0,0,7,10,0,1
1205570,136745,1618,6,0,5,1,19,0,0
575157,214981,2031,2,1,4,5,6,0,0
280822,110622,2173,4,0,6,0,5,0,0
1731099,351144,3366,4,1,12,2,6,0,1
1414698,54574,3925,0,0,5,1,5,3,1
2403835,95934,4770,1,0,11,3,7,0,1
442841,324474,1203,4,1,1,2,6,0,0
1879440,67490,1252,0,0,9,2,18,1,1
224676,82431,3005,5,0,0,6,15,0,0
1096154,278507,3623,0,0,15,8,5,0,0
1736647,182366,4143,6,0,14,3,11,0,1
5998,116355,1892,5,0,9,0,15,0,0
684181,155908,4256,4,0,11,5,2,2,0
92332,398004,960,2,1,16,4,3,0,0
395138,74334,2721,2,0,2,6,9,0,0
428459,153201,3085,4,1,0,0,5,0,0
2236654,43541,606,3,0,17,9,0,0,1
35657,332436,3578,5,1,12,3,7,0,0
